Naku iravai aidu years old,నాకు ఇరవై ఐదు years old
Where is the alaram gadiyaram,Where is the అలారం గడియారం
What a andamaina pradesarn,What a అందమైన ప్రదేశం
I got this sutkes from the that angadi,I got this సూట్కేస్ from that అంగడి
You have a pedda karu,You have a పెద్ద కారు
kotha PDF upload cheyandi,కొత్త pdf అప్‌లోడ్ చేయండి
Did you see neti vartalu,Did you see నేటి వార్తలు
When is ni puttina roju,When is నీ పుట్టిన రోజు
I like adataniki basketball,I like ఆడటానికి basketball
Eroju it may rain,ఈరోజు it may rain
Look at that pilli,Look at ఆ పిల్లి
A adavi is huge,ఆ అడవి is huge
Fifa world cup tvaralo prarambhamavutundi,Fifa world cup త్వరలో ప్రారంభమవుతుంది
Wher are you chaduvkuntunavu,Where are you చదువుకుంటున్నావు
umran malik masth speed bowling esthundu,umran malik మస్త్ speed bowling ఎస్తుండు
eroju nenu lunch ki Chicken Biryani chesanu,ఈరోజు నేను చేసాను Chicken Biryani మధ్యాన్న భోజనం కొరకు
dhoni last over lo pakkaga six kodthadu,dhoni last over లో పక్కగా six కొడతాడు
eroju nenu ma family tho outside velaanu,ఈరోజు నేను మా family తో outside వేళాను
naku Football adadamante ishtam,నాకు Football ఆడడమంటే ఇష్టం
miru Railway Station ki eppudu bayaluderutunnaru,మీరు Railway Station కి ఎప్పుడు బయలుదేరుతున్నారు
throwback to mana darjeeling trip chivari year,throwback to మన darjeeling trip చివరి year
"cinema theater nindipoyindi, Pushpa chudataniki andaru asaktiga unnaru","Cinema Theater నిండిపోయింది, Pushpa చూసేందుకు అందరూ ఆసక్తిగా ఉన్నారు"
netflix lo kotha series release ayyindhi anta kadha,netflix లో కొత్త series release అయ్యింది అంతా కదా
restaurant lo lunch bagundi!,Restaurant లో lunch బాగుంది!
"eggs aipoinavi,only moodu unde kept them for boiling","eggs అయిపోయినవి,only మూడూ unde kept them for boiling"
ee Semester miku yenni Subjects unnayi? ,ఈ Semester మీకు ఎన్ని Subjects ఉన్నాయి?
stove meedha pettala cooker ?,stove మీధ పెట్టాల cooker ?
Hitech City daggara chaala Traffic undi!,Hitech City దగ్గర చాలా Traffic ఉంది!
"lunch ready ayyindhi,andharu come down","lunch ready అయ్యింది,అందరు come down"
miru Shah Ghouse nundi Mutton Biryani tappakunda prayatnincalli!, మీరు Shah Ghouse  నుండి Mutton Biryani తప్పకుండా ప్రయత్నించాలి!
registration ki eeroju last and payment ki repu last day,registration కి ఈరోజు last and payment కి రెపు day
bro webinar join aynava eeroju,bro webinar join అయినవా ఈరోజు  ?
Miyapur nundi Tolichowki enta duramlo undi?  ,Miyapur నుండి Tolichowki ఎంత దూరంలో ఉంది?
miru yeppudu America ki marataru ,మీరు ఎప్పుడు America కి మారతారు?
lunch ki emmaina plans unnaya,lunch కి ఏమైన plans ఉన్నాయ
Ye Phone ekkuva rojulu manugadalo untundani miru anukuntunnaru?,ఏ Phone ఎక్కువ రోజులు మనుగడలో ఉంటుందని మీరు అనుకుంటున్నారు?
"nenu sick unnanduna, nenu eroju class hajarukanu",నేను Sick  ఉన్నందున నేను ఈ రోజు Class హాజరుకాను.
college fees last date emmaina thelusa,college fees last date ఎమైనా తెలుసు
"lab lo oka 3 or 4 marks theesadu,total 57 esindu","lab లో ఒక 3 or 4 marks తీశాడు,total 57 ఏసిండు"
miru India vs South Africa cricket match chustunnara?,మీరు India vs South Africa cricket match చూస్తున్నారా?
call chesthe network area lo ledhu anni coming,call చేస్తే network area లో లేడు అన్నీ coming 
miku istamaina Chocolate emiti?,మీకు ఇష్టమైన Chocolate ఏమిటి?
ippudu parallely placements and development ki chadukovali,ఇప్పుడు parallely placements and development కి చదవాలి
miru ML Final pariksha kosam chadivara?,మీరు ML Final పరీక్ష కోసం చదివారా?
repu nenu Katpadi nundi Hyderabad railulo prayanistunnanu , రేపు నేను Katpadi నుండి Hyderabad రైలులో ప్రయాణిస్తున్నాను.
 mi wallet lo enta dabbu undi?,మీ Wallet లో ఎంత డబ్బు ఉంది?
outside of india ki yepudaina velinava,outside of india కి యెపుడైనా వెలినావా
neeku istamaina actor yevaru tollywood lo,నీకు ఇష్టమైన actor ఎవరు tollywood లో
nenu S grade kevalam oku markuto kolpoyanu!,నేను S grade కేవలం ఒక మార్కుతో కోల్పోయాను!
miru Cryptocurrency gurinci vinnara? ,మీరు Cryptocurrency గురించి విన్నారా?
nenu itivala Vikram ane Popular cinema cusanu, నేను ఇటీవల Vikram అనే Popular Cinema చూశాను.
Turn on dipamulu,Turn on దీపములు
BBC vartalanu vinandi,BBC వార్తలను వినండి
Facebook teravandi,Facebook తెరవండి
eroju weather ela undi,ఈరోజు weather ఎలా ఉంది?
integration of x dx entha,integration of x dx ఎంత
ninnu evaru create chesaru,నిన్ను ఎవరు create చేసారు
play kotha telugu patalu in youtube,play కొత్త telugu పాటలు in youtube
japan lo repu special enti,japan లో రేపు special ఏమి
call cut cheyu,call cut చేయు
dagarlo unna coffee shop ki call cheyu,దగ్గరలో ఉన్నా coffee shop కి call చేయు
na phone bluetooth tho connected unda ?,నా phone bluetooth తో connected ఉందా ?
camera open cheyava,camera open చెయ్యవ
na next meeting ekkada,నా next meeting ఎక్కడా
next eclipse eppudu,next eclipse ఎప్పుడు
prasthutham microsoft stock price entha,ప్రస్తుతం microsoft stock price ఎంత
burj khalifa entha ethu untadi,burj khalifa ఎంత ఎత్తు ఉంటుంది
banjara hills daggara traffic ela undi,banjara hills దగ్గర  traffic ఎలా ఉంది
Today is paurṇami,Today is పౌర్ణమి
Today vediga undi,Today వేడిగా ఉంది
Mi pariksa how was it ? ,మీ పరీక్ష how was it ?
Niku telugu understand ? ,నీకు telugu understand ? 
Do you kritala istama ? ,Do you క్రీడలు ఇష్టమా ? 
Nuvvu e skullo study ? ,నువ్వు ఏ స్కూల్లో  study ? 
Are you vivahitula or avivahitula ? ,Are you వివాహితులా or అవివహితులా ? 
Miru IPL final cusara ?         ,మీరు IPL final చూసారా ?
Your favourite rangu edi ? ,Your favourite రంగు ఏది ?
Volume garisṭanga ceyandi,Volume గరిష్టంగా చేయండి
Wordle oka sulabhamaina game,Wordle ఒక సులభమైన game
I kotta kālikyulēṭar bought,I కొత్త కాలిక్యులేటర్ bought
Alaram ē samayāniki seṭ for,Alaram ఏ సమయానికి సెట్ seṭ for
Mīru IOS or Android upayogistunnara,మీరు IOS or Android ఉపయోగిస్తున్నారా
Boston lo ippudu samayam enta?,Boston లో ఇప్పుడు సమయం ఎంత?
Naku repu evaina Meetings unnaya?,నాకు రేపు ఏవైనా Meetings ఉన్నాయా?
Hyderabad nundi Goa vegavantamaina margam edi?,Hyderabad నుండి Goa వేగవంతమైన మార్గం ఏది?
Ohri's lo na dinner reservation eppudu scheduled ceyabadindi?,Ohris లో నా Dinner Reservation Scheduled చేయబడింది?
World lo enni Countries unnayi?,World లో ఎన్ని Countries ఉన్నాయి?
345 mariyu 789 yokka Product emiti?,345 మరియు 789 యొక్క Product ఏమిటి?
eroju Bengaluru lo Weather ceppandi,ఈరోజుBengaluru లో Weather చెప్పండి.
repu sayantram 4 gantalaku Varun to Meeting Schedule ceyandi.,రేపు సాయంత్రం 4 గంటలకు Varun తో Meeting Schedule చేయండి.
Flight lo India nundi Dubai enta duranlo undi?,Flight లో India నుండి Dubai ఎంత దూరంలో ఉంది?
India lo Ford Mustang dhara enta?,India లో Ford Mustang ధర ఎంత?
COVID-19 laksanalu ceppandi.,COVID-19 లక్షణాలు చెప్పండి.
"Nearest e Hospital lo, nenu COVID-19 Vaccine pondavacca?","Nearest ఏ Hospital లో, నేను COVID-19 Vaccine పొందవచ్చా?"
India lo vote veyadaniki kanisa vayas'su enta?,India లో vote వేయడానికి కనీస వయస్సు ఎంత?
Steward ane padaniki artham emiti,Steward అనే పదానికి అర్థం ఏమిటి?
45 Hours lo enni nimisalu?,45 Hours ల్లో ఎన్ని నిమిషాలు?
Bharatadesa Education Mantri evaru?,భారతదేశ Education మంత్రి ఎవరు?
Omelette kosam quick recipe ceppandi.,Omelette కోసం quick recipe చెప్పండి.
Egypt Currency emiti?,Egypt Currency ఏమిటి?
Cryptocurrencies gurinci ceppandi.,Cryptocurrencies గురించి చెప్పండి.
Fit ga undataniki rojuvari exercises ceppandi.,Fit గా ఉండటానికి రోజువారీ exercises చెప్పండి.
Na Location nundi samipa Cab enta duranlo undi?,నా Location నుండి సమీప Cab ఎంత దూరంలో ఉంది?
Rajesh ki phone ceyyi,Rajesh కి phone చెయ్యి
Na shopping list lo emundi?,నా Shopping list లో ఏముంది?
eroju news ceppandi.,ఈరోజు news చెప్పండి
Na Spotify Playlist nundi sangitanni play ceyandi.,"నా Spotify playlist నుండి సంగీతాన్ని play చేయండి.
"
Naku samipanlo unna Restaurant lo gurinci ceppandi.,నాకు సమీపంలో ఉన్న Restaurant ల గురించి చెప్పండి.
Ninna jarigina F1 race et Baku evaru gelicaru?,నిన్న జరిగిన F1 race ఎట్ Baku ఎవరు గెలిచారు?
uttama natudiga the highest Oscar Awards evaru gelucukunnaru?,ఉత్తమ నటుడిగా the highest Oscar Awards ఎవరు గెలుచుకున్నారు?
"vakayanni anuvadincu ""How are you?"" Telugu ku","వాక్యాన్ని అనువదించు ""How are you?"" Telugu కు."
Top Gun Maverick cuputunna samipa Theater ceppandi.,Top Gun Maverick చూపుతున్న సమీప Theater చెప్పండి
eroju nenu enni steps nadicanu?,ఈరోజు నేను ఎన్ని steps నడిచాను?
Office nundi intiki navigate ceyandi,Office నుండి ఇంటికి navigate చేయండి
pathasalaku traffic ela undi?,పాఠశాలకు traffic ఎలా ఉంది?
Sunday ammaku phone ceyamani naku gurtu ceyandi.,Sunday అమ్మకు phone చేయమని నాకు గుర్తు చేయండి
Indigo Flight 6E 2467 eroju samayaniki unda?,Indigo Flight 6E 2467 ఈరోజు సమయానికి ఉందా?
Nifty Index ela undi?,Nifty Index ఎలా ఉంది?
Mīru bitcoin invest pettara ?,మీరు bitcoin invest పెట్టారా ?
Your vacations eppudu mugustayi ? ,Your vacations ఎప్పుడు ముగుస్తాయి ? 
Have you neṭi ata seen ?,Have you నేటి ఆట seen ?
Miku family visa unda ? ,మీకు family visa ఉందా  ? 
Do you jantuvulaṇṭē like ? ,Do you జంతువులంటే  like ?
Which are kalejilo you in ? ,Which are కాలేజీలో  you in ?
How taracugā mīru exercise cēstāru ?,How తరచుగా మీరు exercise చేస్తారు ?
Samipanloni oka mannci dukanam named Lulu Hypermarket,సమీపంలోని ఒక మంచి దుకాణం named Lulu Hypermarket
Sarikotta Telugu cinema trailer cusara ?,సరికొత్త తెలుగు Telugu cinema trailer చూశారా ?
Miru bengaluruku any flight prayanistunnaru ? ,రు బెంగళూరుకు any flight ప్రయాణిస్తున్నారు? 
Miru RCB fan kada ?,మీరు RCB fan కదా ?
Miru this weekend hiking kosam mato ceralanukuntunnara ? ,మీరు this weekend hiking హైకింగ్ కోసం మాతో చేరాలనుకుంటున్నారా ? 
Miru rojulo how many hours nidrapotaru ? ,మీరు రోజులో how many hours నిద్రపోతారు ? 
Naku web developer kavalane interest undi,నాకు web developer కావాలనే interest ఉంది
Kriketlo yorker delivery edurkovadam cala difficult,క్రికెట్‌లో yorker delivery ఎదుర్కోవడం చాలా difficult
Earth nundi Moon enta duranlo unnadu?,Earth నుండి Moon ఎంత దూరంలో ఉన్నాడు?
Vegavantamaina Animal edi?,వేగవంతమైన Animal ఏది?
Burger lo enni Calories unnayi?,Burger లో ఎన్ని Calories ఉన్నాయి?
Naku samipanlo unna Five Star restarentni perkonandi,నాకు సమీపంలో ఉన్న Five Star రెస్టారెంట్‌ని పేర్కొనండి
E year Bonalu panduga eppudu?,ఈ year Bonalu పండుగ ఎప్పుడు?
Gata year Ballon D'Or evaru gelucukunnaru?,గత year Ballon D'Or ఎవరు గెలుచుకున్నారు?
IPL lo CSK ki enni trophilu unnayi?,IPL లో CSK కి ఎన్ని ట్రోఫీలు ఉన్నాయి?
Andorra rajadhani edi?,Andorra రాజధాని ఏది?
Naku oka Joke ceppandi.,నాకు ఒక Joke చెప్పండి
LIC stock prastula share dhara enta?,LIC stock ప్రస్తుత share ధర ఎంత?
Nenu sandarsincadaniki samipanloni National Park edi?,నేను సందర్శించడానికి సమీపంలోని National Park ఏది?
Hyderabad nundi Muscat roju enni flights unnayi?,Hyderabad నుండి Muscat రోజూ ఎన్ని flights ఉన్నాయి?
Bugatti Chiron dhara rupayallo enta?,Bugatti Chiron ధర రూపాయల్లో ఎంత?
Na Sony Mach 4 Camera kosam nenu SD Card ekkada kanugonagalanu?,నా Sony Mach 4 Camera కోసం నేను SD Card ఎక్కడ కనుగొనగలను?
Lakshadweep lo varu e bhasa matladataru?,Lakshadweep లో వారు ఏ భాష మాట్లాడతారు?
Spain jatiya Dish emiti?,Spain జాతీయ Dish ఏమిటి?
India PM evaru?,India PM ఎవరు?
pillala kosam Bangalore lo uttama football ground edi?,పిల్లల కోసం Bangalore లో ఉత్తమ football ground ఏది?
Na intiki Indiranagar enta far?,నా ఇంటికి indiranagar ఎంత far?
dayacesi Ashok ki Whatsapp dvara video call ceyandi.,దయచేసి Ashok కి Whatsapp ద్వారా video call చేయండి.
Civaraga NBA finals mugisayi,చివరగా NBA finals ముగిశాయి
Charlie 777 kukka nepathyanlo sage emotional movie,Charlie 777 కుక్క నేపథ్యంలో సాగే emotional movie
Prati sanvatsaraṁ June 21 jarige Yoga day 2014 prarambhamaindi,ప్రతి సంవత్సరం June 21 జరిగే Yoga day 2014 ప్రారంభమైంది
Qatar airport prapanncanloni atyuttama airports okati,Qatar airport ప్రపంచంలోని అత్యుత్తమ airports ఒకటి
Chennai to Vellore roddu marganlo prayaincadaniki kanisam 2.5 hours padutundi,Chennai to Vellore రోడ్డు మార్గంలో ప్రయాణించడానికి కనీసం 2.5 hours పడుతుంది
Sṭeph Curry nis'sandehanga NBA prati cusina atyuttama shooter,Sṭeph Curry నిస్సందేహంగా NBA ప్రతి చూసిన అత్యుత్తమ shooter
Oka vyakti yokka everyday sariraka sramanu track ceyadanlo Smart watch cala helpful,ఒక వ్యక్తి యొక్క everyday శారీరక శ్రమను track చేయడంలో Smart watch చాలా helpful
Guddu protein yokka wonderful mulam,గుడ్డు protein యొక్క wonderful మూలం
Plastic vadakam paryavarananiki harmful,Plastic వాడకం పర్యావరణానికి harmful
Yoga arogyaniki melu helpful,Yoga ఆరోగ్యానికి మేలు helpful
Newcastle United Saudi Arabia yuvaraju svadhinam cesukunnaru,Newcastle United Saudi Arabia యువరాజు స్వాధీనం చేసుకున్నారు
Ryan Trahan ane vyakti uttara amerika antata penni challenge cestunnadu,Ryan Trahan అనే వ్యక్తి ఉత్తర అమెరికా అంతటా పెన్నీ  challenge చేస్తున్నాడు
 ,
